{"rulesSymbolic":[1,2,5,7],"features":[{"name":"VERIDICAL Context","attributes":[{"id":1,"value":true},{"id":2,"value":true}]},{"name":"ANTIVERIDICAL Context","attributes":[{"id":3,"value":false},{"id":4,"value":false}]},{"name":"AVERIDICAL Context","attributes":[{"id":5,"value":true},{"id":6,"value":false}]},{"name":"EQUALS Match","attributes":[{"id":7,"value":true}]},{"name":"SUPERCLASS Match","attributes":[{"id":8,"value":false}]},{"name":"SUBCLASS Match","attributes":[{"id":9,"value":false}]},{"name":"DISJOINT Match","attributes":[{"id":10,"value":false}]},{"name":"CONTRADICTION Flag","attributes":[{"id":11,"value":false}]},{"name":"Negation","attributes":[{"id":12,"value":false},{"id":13,"value":false}]},{"name":"Lexical Overlap","attributes":[{"id":14,"value":true}]},{"name":"Length Mismatch","attributes":[{"id":15,"value":false}]},{"name":"Word Heuristics Entailment","attributes":[{"id":16,"value":false}]},{"name":"Word Heuristics Contradiction","attributes":[{"id":17,"value":false}]},{"name":"Word Heuristics Neutral","attributes":[{"id":18,"value":false}]}],"rulesDL":[{"id":14,"value":true}],"match":"R","decisions":[{"rule":"NEUTRAL"},{"bert":"ENTAILMENT"},{"hybrid":"NEUTRAL"}],"rulesHybrid":[11,5,6,3,4,9,8,7,1,2,10]}